Workbook

Sheet Resumen
A1: RESUMEN DE INVENTARIO — SALDO POR LOTE
A3: Lote | B3: Manzana | C3: Modelo | D3: Material | E3: Recibido | F3: Salidas | G3: Saldo | H3: Observaciones
A4: L10 | B4: M7 | C4: Merlot | D4: Piso Moret Arena | E4: ='L10 M7'!C5 | F4: ='L10 M7'!D5 | G4: ='L10 M7'!E5
D5: Piso Royal Walnut | E5: ='L10 M7'!C6 | F5: ='L10 M7'!D6 | G5: ='L10 M7'!E6
D6: Urbania White | E6: ='L10 M7'!C7 | F6: ='L10 M7'!D7 | G6: ='L10 M7'!E7
D7: Malla Lyndhurst | E7: ='L10 M7'!C8 | F7: ='L10 M7'!D8 | G7: ='L10 M7'!E8
A9: L9 | B9: M7 | C9: Merlot | D9: Piso Moret Arena | E9: ='L9 M7'!C5 | F9: ='L9 M7'!D5 | G9: ='L9 M7'!E5
D10: Piso Royal Walnut | E10: ='L9 M7'!C6 | F10: ='L9 M7'!D6 | G10: ='L9 M7'!E6
D11: Urbania White | E11: ='L9 M7'!C7 | F11: ='L9 M7'!D7 | G11: ='L9 M7'!E7
D12: Malla Lyndhurst | E12: ='L9 M7'!C8 | F12: ='L9 M7'!D8 | G12: ='L9 M7'!E8
A14: L34 | B14: M14 | C14: Cabernet | D14: Piso Moret Arena | E14: ='L34 M14'!C5 | F14: ='L34 M14'!D5 | G14: ='L34 M14'!E5
D15: Piso Royal Walnut | E15: ='L34 M14'!C6 | F15: ='L34 M14'!D6 | G15: ='L34 M14'!E6
D16: Urbania White | E16: ='L34 M14'!C7 | F16: ='L34 M14'!D7 | G16: ='L34 M14'!E7
D17: Malla Lyndhurst | E17: ='L34 M14'!C8 | F17: ='L34 M14'!D8 | G17: ='L34 M14'!E8

Sheet L10 M7
A1: INVENTARIO Y CONTROL — LOTE 10, MANZANA 7 · MERLOT
A2: LOTE ACTIVO (aun hay piso). Inicial Merlot; deduce salidas en la bitacora.
A3: 1) EXISTENCIAS (CONTROL)
A4: Material | B4: Presentación | C4: Recibido | D4: Salidas | E4: Saldo | F4: Observaciones
A5: Piso Moret Arena | B5: caja 1.4232 m² (2 pz) | C5: 98 | D5: =SUMIF($B$12:$B$35,$A5,$C$12:$C$35) | E5: =C5-D5 | F5: inicial 98
A6: Piso Royal Walnut | B6: caja 1.20 m² (5 pz) | C6: 37 | D6: =SUMIF($B$12:$B$35,$A6,$C$12:$C$35) | E6: =C6-D6 | F6: inicial 37
A7: Urbania White | B7: caja 1.35 m² (10 pz) | C7: 8 | D7: =SUMIF($B$12:$B$35,$A7,$C$12:$C$35) | E7: =C7-D7 | F7: inicial 8
A8: Malla Lyndhurst | B8: pieza 0.30×0.60 m | C8: 17 | D8: =SUMIF($B$12:$B$35,$A8,$C$12:$C$35) | E8: =C8-D8 | F8: inicial 17
A10: 2) BITÁCORA DE SALIDAS (cada salida descuenta del saldo)
A11: Fecha | B11: Material | C11: Cantidad | D11: Frente / área | E11: Recibió en obra
A37: 3) EXTRAS / COMPLEMENTOS
A38: Material | B38: Presentación / color | C38: Cantidad | D38: Observaciones
A39: Pegavitro blanco 20 kg | B39: adhesivo
A40: Junta Crest cantera (Moret) | B40: boquilla
A41: Junta Crest chocolate (Royal) | B41: boquilla
A42: Junta Crest blanco (Urbania) | B42: boquilla
A43: Junta Crest plata (Malla) | B43: boquilla

Sheet L9 M7
A1: INVENTARIO Y CONTROL — LOTE 9, MANZANA 7 · MERLOT
A2: Saldo al ultimo corte del historial. OJO: Moret salta 55->73, verificar conteo real.
A3: 1) EXISTENCIAS (CONTROL)
A4: Material | B4: Presentación | C4: Recibido | D4: Salidas | E4: Saldo | F4: Observaciones
A5: Piso Moret Arena | B5: caja 1.4232 m² (2 pz) | C5: 73 | D5: =SUMIF($B$12:$B$35,$A5,$C$12:$C$35) | E5: =C5-D5 | F5: inicial 98
A6: Piso Royal Walnut | B6: caja 1.20 m² (5 pz) | C6: 0 | D6: =SUMIF($B$12:$B$35,$A6,$C$12:$C$35) | E6: =C6-D6 | F6: inicial 37
A7: Urbania White | B7: caja 1.35 m² (10 pz) | C7: 8 | D7: =SUMIF($B$12:$B$35,$A7,$C$12:$C$35) | E7: =C7-D7 | F7: inicial 8
A8: Malla Lyndhurst | B8: pieza 0.30×0.60 m | C8: 17 | D8: =SUMIF($B$12:$B$35,$A8,$C$12:$C$35) | E8: =C8-D8 | F8: inicial 17
A10: 2) BITÁCORA DE SALIDAS (cada salida descuenta del saldo)
A11: Fecha | B11: Material | C11: Cantidad | D11: Frente / área | E11: Recibió en obra
A37: 3) EXTRAS / COMPLEMENTOS
A38: Material | B38: Presentación / color | C38: Cantidad | D38: Observaciones
A39: Pegavitro blanco 20 kg | B39: adhesivo | C39: 42
A40: Fija porcelanico blanco 20 kg | B40: adhesivo | C40: 5
A41: Junta Crest plata | B41: boquilla | C41: 2
A42: Junta Crest blanco | B42: boquilla | C42: 2
A43: Junta Crest cantera | B43: boquilla | C43: 0.5
A44: Junta Crest chocolate | B44: boquilla | C44: 0.5
A45: BlueFence impermeabilizante charolas 20 lt | B45: imperm. | C45: 1

Sheet L34 M14
A1: INVENTARIO Y CONTROL — LOTE 34, MANZANA 14 · CABERNET
A2: Saldo al ultimo corte del historial (casi agotado).
A3: 1) EXISTENCIAS (CONTROL)
A4: Material | B4: Presentación | C4: Recibido | D4: Salidas | E4: Saldo | F4: Observaciones
A5: Piso Moret Arena | B5: caja 1.4232 m² (2 pz) | C5: 4 | D5: =SUMIF($B$12:$B$35,$A5,$C$12:$C$35) | E5: =C5-D5 | F5: inicial 117
A6: Piso Royal Walnut | B6: caja 1.20 m² (5 pz) | C6: 0 | D6: =SUMIF($B$12:$B$35,$A6,$C$12:$C$35) | E6: =C6-D6 | F6: inicial 41
A7: Urbania White | B7: caja 1.35 m² (10 pz) | C7: 0 | D7: =SUMIF($B$12:$B$35,$A7,$C$12:$C$35) | E7: =C7-D7 | F7: inicial 8
A8: Malla Lyndhurst | B8: pieza 0.30×0.60 m | C8: 28 | D8: =SUMIF($B$12:$B$35,$A8,$C$12:$C$35) | E8: =C8-D8 | F8: inicial 28
A10: 2) BITÁCORA DE SALIDAS (cada salida descuenta del saldo)
A11: Fecha | B11: Material | C11: Cantidad | D11: Frente / área | E11: Recibió en obra
A37: 3) EXTRAS / COMPLEMENTOS
A38: Material | B38: Presentación / color | C38: Cantidad | D38: Observaciones
A39: Pegavitro blanco 20 kg | B39: adhesivo | C39: 0
A40: Unicrest 20 kg | B40: adhesivo | C40: 0
A41: Junta Crest cantera | B41: boquilla | C41: 2
A42: Junta Crest chocolate | B42: boquilla | C42: 2
A43: Junta Crest blanco | B43: boquilla | C43: 2
A44: Junta Crest plata | B44: boquilla | C44: 2
